,Val_loss,Accuracy,Precision,Recall,F1 Score,ROC AUC,PR AUC
0,0.751185953617096,0.08415412902832031,0.0070819174325151835,0.08415412902832031,0.013064410756545094,0.40424540262742853,-0.019036690082972704
1,0.7209387024243673,0.08295774459838867,0.006881987388851485,0.08295774459838867,0.01270961387584637,0.7246208736537184,0.2804794296546722
2,0.6966898739337921,0.1197504997253418,0.014340182184469086,0.1197504997253418,0.025613173984716273,0.8467433761507975,0.5328137123160213
3,0.6849742333094279,0.10981082916259766,0.012058418201377208,0.10981082916259766,0.021730583058872887,0.8910652623154613,0.6347864291055653
4,0.68832994500796,0.062143802642822266,0.0038618522069100436,0.062143802642822266,0.007271806693784772,0.9344762256660997,0.7489622878394823
