,Val_loss,Accuracy,Precision,Recall,F1 Score,ROC AUC,PR AUC
0,0.2746871445948879,0.9789533615112305,0.9583496840141379,0.9789533615112305,0.9685419602635736,0.6554482764583879,0.011753922190264235
1,0.11480840481817722,0.9385757446289062,0.9698109634850871,0.9385757446289062,0.9504244462376588,0.9635641525916117,0.43636020129718806
2,0.07270046354581912,0.9598612785339355,0.9698307497338565,0.9598612785339355,0.9641152279583718,0.9661078398263628,0.2733552563861689
3,0.08267378294840455,0.9550056457519531,0.9680586045021263,0.9550056457519531,0.9593923575648677,0.9856266970986309,0.7717649204168624
4,0.05059608087564508,0.948667049407959,0.9880218926306383,0.948667049407959,0.9644926367921784,0.9855468217115082,0.5872759649677369
