,Train_loss,Val_loss,acc,recall,prec,f1,auc_roc,auc_pr
0,0.6937423497438431,0.6029691100120544,0.7562816619873047,0.7562816619873047,0.8363082778938729,0.7912583433102043,0.6122109119890513,0.05313426934006848
1,0.596001997590065,0.52430579662323,0.8754867553710938,0.8754867553710938,0.8531461409576012,0.8630006937907083,0.6308832292840878,0.08384117266350416
2,0.5170104563236236,0.46517840027809143,0.9041553497314453,0.9041553497314453,0.8724127458797583,0.8602783246613555,0.614916889166134,0.08291634127768407
3,0.4552477657794952,0.42501816153526306,0.9039226531982422,0.9039226531982422,0.8170761629649496,0.8583081477521274,0.6253708599894631,0.0652278142757007
